cID_DI,sense,BP,RI,DVG_type,proportion,length_dvg,N_dvg,basename_files
++_8276_21139,++,8276,21139,Deletion_forward,0.003,17041,8577,Deletion_forward_8276_21139
++_10338_21607,++,10338,21607,Deletion_forward,0.003,18635,9380,Deletion_forward_10338_21607
++_650_27853,++,650,27853,Deletion_forward,0.003,2701,1359,Deletion_forward_650_27853
++_7019_19818,++,7019,19818,Deletion_forward,0.003,17105,8609,Deletion_forward_7019_19818
++_984_7423,++,984,7423,Deletion_forward,0.003,23465,11811,Deletion_forward_984_7423
++_17055_24978,++,17055,24978,Deletion_forward,0.003,21981,11064,Deletion_forward_17055_24978
++_8165_12993,++,8165,12993,Deletion_forward,0.003,25076,12622,Deletion_forward_8165_12993
++_22400_24481,++,22400,24481,Deletion_forward,0.003,27823,14004,Deletion_forward_22400_24481
++_26334_29200,++,26334,29200,Deletion_forward,0.003,27038,13609,Deletion_forward_26334_29200
++_19865_28219,++,19865,28219,Deletion_forward,0.003,21550,10847,Deletion_forward_19865_28219
++_1930_29865,++,1930,29865,Deletion_forward,0.003,1969,991,Deletion_forward_1930_29865
++_24659_25162,++,24659,25162,Deletion_forward,0.003,29401,14798,Deletion_forward_24659_25162
++_7494_12948,++,7494,12948,Deletion_forward,0.003,24450,12306,Deletion_forward_7494_12948
++_21970_27319,++,21970,27319,Deletion_forward,0.003,24555,12359,Deletion_forward_21970_27319
++_18227_23933,++,18227,23933,Deletion_forward,0.003,24198,12180,Deletion_forward_18227_23933
++_3025_15101,++,3025,15101,Deletion_forward,0.003,17828,8973,Deletion_forward_3025_15101
++_11858_15625,++,11858,15625,Deletion_forward,0.003,26137,13156,Deletion_forward_11858_15625
++_9005_28173,++,9005,28173,Deletion_forward,0.003,10736,5404,Deletion_forward_9005_28173
++_1665_29052,++,1665,29052,Deletion_forward,0.003,2517,1267,Deletion_forward_1665_29052
++_8710_26306,++,8710,26306,Deletion_forward,0.003,12308,6195,Deletion_forward_8710_26306
++_682_16908,++,682,16908,Deletion_forward,0.003,13678,6885,Deletion_forward_682_16908
++_3612_19888,++,3612,19888,Deletion_forward,0.003,13628,6859,Deletion_forward_3612_19888
++_5185_25687,++,5185,25687,Deletion_forward,0.003,9402,4732,Deletion_forward_5185_25687
++_11512_14577,++,11512,14577,Deletion_forward,0.003,26839,13509,Deletion_forward_11512_14577
++_10513_28550,++,10513,28550,Deletion_forward,0.003,11867,5973,Deletion_forward_10513_28550
++_13620_26819,++,13620,26819,Deletion_forward,0.003,16705,8408,Deletion_forward_13620_26819
++_18535_23805,++,18535,23805,Deletion_forward,0.003,24634,12399,Deletion_forward_18535_23805
++_1100_4403,++,1100,4403,Deletion_forward,0.003,26601,13389,Deletion_forward_1100_4403
++_10553_14994,++,10553,14994,Deletion_forward,0.003,25463,12816,Deletion_forward_10553_14994
++_6203_14816,++,6203,14816,Deletion_forward,0.003,21291,10716,Deletion_forward_6203_14816
++_8964_14780,++,8964,14780,Deletion_forward,0.003,24088,12124,Deletion_forward_8964_14780
++_11073_15523,++,11073,15523,Deletion_forward,0.003,25454,12812,Deletion_forward_11073_15523
++_19465_25174,++,19465,25174,Deletion_forward,0.003,24195,12178,Deletion_forward_19465_25174
++_4417_20657,++,4417,20657,Deletion_forward,0.003,13664,6878,Deletion_forward_4417_20657
++_20890_24069,++,20890,24069,Deletion_forward,0.003,26725,13452,Deletion_forward_20890_24069
++_11531_12740,++,11531,12740,Deletion_forward,0.003,28695,14443,Deletion_forward_11531_12740
++_24869_21446,++,24869,21446,Insertion_forward,0.003,33327,16775,Insertion_forward_24869_21446
++_10454_4429,++,10454,4429,Insertion_forward,0.003,35929,18084,Insertion_forward_10454_4429
++_13843_1289,++,13843,1289,Insertion_forward,0.003,42458,21370,Insertion_forward_13843_1289
++_18827_8410,++,18827,8410,Insertion_forward,0.003,40321,20295,Insertion_forward_18827_8410
++_18431_2292,++,18431,2292,Insertion_forward,0.003,46043,23175,Insertion_forward_18431_2292
++_29406_19805,++,29406,19805,Insertion_forward,0.003,39505,19884,Insertion_forward_29406_19805
++_28837_19357,++,28837,19357,Insertion_forward,0.003,39384,19823,Insertion_forward_28837_19357
++_26467_21081,++,26467,21081,Insertion_forward,0.003,35290,17763,Insertion_forward_26467_21081
++_11264_4420,++,11264,4420,Insertion_forward,0.003,36748,18496,Insertion_forward_11264_4420
++_21529_12327,++,21529,12327,Insertion_forward,0.003,39106,19683,Insertion_forward_21529_12327
++_22318_1271,++,22318,1271,Insertion_forward,0.003,50951,25645,Insertion_forward_22318_1271
++_29624_3496,++,29624,3496,Insertion_forward,0.003,56032,28203,Insertion_forward_29624_3496
++_22735_17696,++,22735,17696,Insertion_forward,0.003,34943,17588,Insertion_forward_22735_17696
++_22373_21666,++,22373,21666,Insertion_forward,0.003,30611,15407,Insertion_forward_22373_21666
++_23851_11766,++,23851,11766,Insertion_forward,0.003,41989,21134,Insertion_forward_23851_11766
++_23688_17146,++,23688,17146,Insertion_forward,0.003,36446,18344,Insertion_forward_23688_17146
++_13093_8452,++,13093,8452,Insertion_forward,0.003,34545,17388,Insertion_forward_13093_8452
++_14771_11028,++,14771,11028,Insertion_forward,0.003,33647,16936,Insertion_forward_14771_11028
++_26425_24290,++,26425,24290,Insertion_forward,0.003,32039,16126,Insertion_forward_26425_24290
++_25728_1190,++,25728,1190,Insertion_forward,0.003,54442,27402,Insertion_forward_25728_1190
++_25403_2283,++,25403,2283,Insertion_forward,0.003,53024,26689,Insertion_forward_25403_2283
++_28440_4797,++,28440,4797,Insertion_forward,0.003,53547,26952,Insertion_forward_28440_4797
++_15537_10290,++,15537,10290,Insertion_forward,0.003,35151,17693,Insertion_forward_15537_10290
++_20211_9217,++,20211,9217,Insertion_forward,0.003,40898,20585,Insertion_forward_20211_9217
++_9702_7012,++,9702,7012,Insertion_forward,0.003,32594,16406,Insertion_forward_9702_7012
++_7921_6449,++,7921,6449,Insertion_forward,0.003,31376,15793,Insertion_forward_7921_6449
++_23871_5113,++,23871,5113,Insertion_forward,0.003,48662,24493,Insertion_forward_23871_5113
++_13566_1842,++,13566,1842,Insertion_forward,0.003,41628,20953,Insertion_forward_13566_1842
++_26320_21854,++,26320,21854,Insertion_forward,0.003,34370,17299,Insertion_forward_26320_21854
++_19612_11469,++,19612,11469,Insertion_forward,0.003,38047,19150,Insertion_forward_19612_11469
++_17895_9617,++,17895,9617,Insertion_forward,0.003,38182,19218,Insertion_forward_17895_9617
++_14895_5002,++,14895,5002,Insertion_forward,0.003,39797,20031,Insertion_forward_14895_5002
++_5674_3770,++,5674,3770,Insertion_forward,0.003,31808,16010,Insertion_forward_5674_3770
++_8520_6566,++,8520,6566,Insertion_forward,0.003,31858,16035,Insertion_forward_8520_6566
++_22849_21599,++,22849,21599,Insertion_forward,0.003,31154,15681,Insertion_forward_22849_21599
++_25463_5190,++,25463,5190,Insertion_forward,0.003,50177,25256,Insertion_forward_25463_5190
--_26631_4356,--,26631,4356,Deletion_reverse,0.003,7629,3840,Deletion_reverse_26631_4356
--_7920_1655,--,7920,1655,Deletion_reverse,0.003,23639,11898,Deletion_reverse_7920_1655
--_16615_2767,--,16615,2767,Deletion_reverse,0.003,16056,8081,Deletion_reverse_16615_2767
--_18335_7778,--,18335,7778,Deletion_reverse,0.003,19347,9738,Deletion_reverse_18335_7778
--_24406_12379,--,24406,12379,Deletion_reverse,0.003,17877,8998,Deletion_reverse_24406_12379
--_26335_14425,--,26335,14425,Deletion_reverse,0.003,17994,9057,Deletion_reverse_26335_14425
--_10515_9246,--,10515,9246,Deletion_reverse,0.003,28635,14413,Deletion_reverse_10515_9246
--_22077_7387,--,22077,7387,Deletion_reverse,0.003,15214,7658,Deletion_reverse_22077_7387
--_22318_12730,--,22318,12730,Deletion_reverse,0.003,20316,10226,Deletion_reverse_22318_12730
--_5600_5498,--,5600,5498,Deletion_reverse,0.003,29802,15000,Deletion_reverse_5600_5498
--_29223_10474,--,29223,10474,Deletion_reverse,0.003,11155,5615,Deletion_reverse_29223_10474
--_27968_1294,--,27968,1294,Deletion_reverse,0.003,3230,1626,Deletion_reverse_27968_1294
--_26393_14073,--,26393,14073,Deletion_reverse,0.003,17584,8851,Deletion_reverse_26393_14073
--_21789_8977,--,21789,8977,Deletion_reverse,0.003,17092,8603,Deletion_reverse_21789_8977
--_25037_363,--,25037,363,Deletion_reverse,0.003,5230,2632,Deletion_reverse_25037_363
--_24704_8713,--,24704,8713,Deletion_reverse,0.003,13913,7003,Deletion_reverse_24704_8713
--_13049_2932,--,13049,2932,Deletion_reverse,0.003,19787,9959,Deletion_reverse_13049_2932
--_4445_4148,--,4445,4148,Deletion_reverse,0.003,29607,14902,Deletion_reverse_4445_4148
--_25800_11671,--,25800,11671,Deletion_reverse,0.003,15775,7940,Deletion_reverse_25800_11671
--_13548_521,--,13548,521,Deletion_reverse,0.003,16877,8495,Deletion_reverse_13548_521
--_14492_5067,--,14492,5067,Deletion_reverse,0.003,20479,10308,Deletion_reverse_14492_5067
--_24119_2545,--,24119,2545,Deletion_reverse,0.003,8330,4193,Deletion_reverse_24119_2545
--_21518_18285,--,21518,18285,Deletion_reverse,0.003,26671,13424,Deletion_reverse_21518_18285
--_27884_14929,--,27884,14929,Deletion_reverse,0.003,16949,8531,Deletion_reverse_27884_14929
--_17853_9521,--,17853,9521,Deletion_reverse,0.003,21572,10858,Deletion_reverse_17853_9521
--_28382_17683,--,28382,17683,Deletion_reverse,0.003,19205,9666,Deletion_reverse_28382_17683
--_25723_4790,--,25723,4790,Deletion_reverse,0.003,8971,4515,Deletion_reverse_25723_4790
--_9655_6728,--,9655,6728,Deletion_reverse,0.003,26977,13578,Deletion_reverse_9655_6728
--_4273_3881,--,4273,3881,Deletion_reverse,0.003,29512,14854,Deletion_reverse_4273_3881
--_19369_17388,--,19369,17388,Deletion_reverse,0.003,27923,14055,Deletion_reverse_19369_17388
--_9966_6662,--,9966,6662,Deletion_reverse,0.003,26600,13389,Deletion_reverse_9966_6662
--_5047_2535,--,5047,2535,Deletion_reverse,0.003,27392,13787,Deletion_reverse_5047_2535
--_29681_10910,--,29681,10910,Deletion_reverse,0.003,11133,5604,Deletion_reverse_29681_10910
--_21579_9746,--,21579,9746,Deletion_reverse,0.003,18071,9096,Deletion_reverse_21579_9746
--_20911_18330,--,20911,18330,Deletion_reverse,0.003,27323,13753,Deletion_reverse_20911_18330
--_23001_12007,--,23001,12007,Deletion_reverse,0.003,18910,9518,Deletion_reverse_23001_12007
--_12695_28693,--,12695,28693,Insertion_reverse,0.003,45902,23104,Insertion_reverse_12695_28693
--_3826_4349,--,3826,4349,Insertion_reverse,0.003,30427,15315,Insertion_reverse_3826_4349
--_6596_25655,--,6596,25655,Insertion_reverse,0.003,48963,24645,Insertion_reverse_6596_25655
--_6952_11025,--,6952,11025,Insertion_reverse,0.003,33977,17102,Insertion_reverse_6952_11025
--_7991_10354,--,7991,10354,Insertion_reverse,0.003,32267,16241,Insertion_reverse_7991_10354
--_16810_24366,--,16810,24366,Insertion_reverse,0.003,37460,18855,Insertion_reverse_16810_24366
--_5298_16704,--,5298,16704,Insertion_reverse,0.003,41310,20793,Insertion_reverse_5298_16704
--_11373_28920,--,11373,28920,Insertion_reverse,0.003,47451,23884,Insertion_reverse_11373_28920
--_6315_14823,--,6315,14823,Insertion_reverse,0.003,38412,19334,Insertion_reverse_6315_14823
--_2734_14205,--,2734,14205,Insertion_reverse,0.003,41375,20825,Insertion_reverse_2734_14205
--_5802_16654,--,5802,16654,Insertion_reverse,0.003,40756,20514,Insertion_reverse_5802_16654
--_9401_12926,--,9401,12926,Insertion_reverse,0.003,33429,16826,Insertion_reverse_9401_12926
--_8750_10907,--,8750,10907,Insertion_reverse,0.003,32061,16137,Insertion_reverse_8750_10907
--_10540_14600,--,10540,14600,Insertion_reverse,0.003,33964,17095,Insertion_reverse_10540_14600
--_10262_23430,--,10262,23430,Insertion_reverse,0.003,43072,21679,Insertion_reverse_10262_23430
--_4666_25023,--,4666,25023,Insertion_reverse,0.003,50261,25298,Insertion_reverse_4666_25023
--_12038_22951,--,12038,22951,Insertion_reverse,0.003,40817,20544,Insertion_reverse_12038_22951
--_15888_27136,--,15888,27136,Insertion_reverse,0.003,41152,20713,Insertion_reverse_15888_27136
--_2800_6742,--,2800,6742,Insertion_reverse,0.003,33846,17036,Insertion_reverse_2800_6742
--_2977_5822,--,2977,5822,Insertion_reverse,0.003,32749,16484,Insertion_reverse_2977_5822
--_8878_25230,--,8878,25230,Insertion_reverse,0.003,46256,23282,Insertion_reverse_8878_25230
--_6399_10107,--,6399,10107,Insertion_reverse,0.003,33612,16918,Insertion_reverse_6399_10107
--_12210_26116,--,12210,26116,Insertion_reverse,0.003,43810,22051,Insertion_reverse_12210_26116
--_16434_19373,--,16434,19373,Insertion_reverse,0.003,32843,16531,Insertion_reverse_16434_19373
--_4658_21577,--,4658,21577,Insertion_reverse,0.003,46823,23567,Insertion_reverse_4658_21577
--_12162_17363,--,12162,17363,Insertion_reverse,0.003,35105,17669,Insertion_reverse_12162_17363
--_1455_2174,--,1455,2174,Insertion_reverse,0.003,30623,15413,Insertion_reverse_1455_2174
--_3852_9636,--,3852,9636,Insertion_reverse,0.003,35688,17963,Insertion_reverse_3852_9636
--_24171_29682,--,24171,29682,Insertion_reverse,0.003,35415,17825,Insertion_reverse_24171_29682
--_18354_20443,--,18354,20443,Insertion_reverse,0.003,31993,16103,Insertion_reverse_18354_20443
--_27736_28035,--,27736,28035,Insertion_reverse,0.003,30203,15202,Insertion_reverse_27736_28035
--_3309_20592,--,3309,20592,Insertion_reverse,0.003,47187,23751,Insertion_reverse_3309_20592
--_14455_26405,--,14455,26405,Insertion_reverse,0.003,41854,21066,Insertion_reverse_14455_26405
--_28728_29356,--,28728,29356,Insertion_reverse,0.003,30532,15368,Insertion_reverse_28728_29356
--_9482_26819,--,9482,26819,Insertion_reverse,0.003,47241,23778,Insertion_reverse_9482_26819
--_5930_28056,--,5930,28056,Insertion_reverse,0.003,52030,26188,Insertion_reverse_5930_28056
+-_12403_23593,+-,12403,23593,5cb/sb,0.003,35996,18118,5cb_12403_23593
+-_11793_18074,+-,11793,18074,5cb/sb,0.003,29867,15033,5cb_11793_18074
+-_21046_17703,+-,21046,17703,5cb/sb,0.003,38749,19504,5cb_21046_17703
+-_26122_28866,+-,26122,28866,5cb/sb,0.003,54988,27677,5cb_26122_28866
+-_25901_6915,+-,25901,6915,5cb/sb,0.003,32816,16517,5cb_25901_6915
+-_18526_686,+-,18526,686,5cb/sb,0.003,19212,9670,5cb_18526_686
+-_20408_14450,+-,20408,14450,5cb/sb,0.003,34858,17545,5cb_20408_14450
+-_5115_2905,+-,5115,2905,5cb/sb,0.003,8020,4037,5cb_5115_2905
+-_18397_28546,+-,18397,28546,5cb/sb,0.003,46943,23628,5cb_18397_28546
+-_16542_14044,+-,16542,14044,5cb/sb,0.003,30586,15395,5cb_16542_14044
+-_9581_7812,+-,9581,7812,5cb/sb,0.003,17393,8754,5cb_9581_7812
+-_20578_26144,+-,20578,26144,5cb/sb,0.003,46722,23517,5cb_20578_26144
+-_10937_7066,+-,10937,7066,5cb/sb,0.003,18003,9061,5cb_10937_7066
+-_26696_11682,+-,26696,11682,5cb/sb,0.003,38378,19317,5cb_26696_11682
+-_17634_26079,+-,17634,26079,5cb/sb,0.003,43713,22002,5cb_17634_26079
+-_20219_20768,+-,20219,20768,5cb/sb,0.003,40987,20630,5cb_20219_20768
+-_8154_6472,+-,8154,6472,5cb/sb,0.003,14626,7362,5cb_8154_6472
+-_27183_10819,+-,27183,10819,5cb/sb,0.003,38002,19128,5cb_27183_10819
+-_22545_17969,+-,22545,17969,5cb/sb,0.003,40514,20392,5cb_22545_17969
+-_26472_2791,+-,26472,2791,5cb/sb,0.003,29263,14729,5cb_26472_2791
+-_10291_5498,+-,10291,5498,5cb/sb,0.003,15789,7947,5cb_10291_5498
+-_23084_29353,+-,23084,29353,5cb/sb,0.003,52437,26393,5cb_23084_29353
+-_29853_892,+-,29853,892,5cb/sb,0.003,30745,15475,5cb_29853_892
+-_8908_8652,+-,8908,8652,5cb/sb,0.003,17560,8838,5cb_8908_8652
+-_5684_6307,+-,5684,6307,5cb/sb,0.003,11991,6035,5cb_5684_6307
+-_16465_28111,+-,16465,28111,5cb/sb,0.003,44576,22436,5cb_16465_28111
+-_13335_8766,+-,13335,8766,5cb/sb,0.003,22101,11124,5cb_13335_8766
+-_6547_3723,+-,6547,3723,5cb/sb,0.003,10270,5169,5cb_6547_3723
+-_29687_6557,+-,29687,6557,5cb/sb,0.003,36244,18243,5cb_29687_6557
+-_12851_12986,+-,12851,12986,5cb/sb,0.003,25837,13005,5cb_12851_12986
+-_5731_25105,+-,5731,25105,5cb/sb,0.003,30836,15521,5cb_5731_25105
+-_4990_7217,+-,4990,7217,5cb/sb,0.003,12207,6144,5cb_4990_7217
+-_26016_28109,+-,26016,28109,5cb/sb,0.003,54125,27243,5cb_26016_28109
+-_20832_18464,+-,20832,18464,5cb/sb,0.003,39296,19779,5cb_20832_18464
+-_17141_3129,+-,17141,3129,5cb/sb,0.003,20270,10203,5cb_17141_3129
+-_1475_24753,+-,1475,24753,5cb/sb,0.003,26228,13201,5cb_1475_24753
-+_19674_6080,-+,19674,6080,3cb/sb,0.003,34054,17140,3cb_19674_6080
-+_22918_21516,-+,22918,21516,3cb/sb,0.003,15374,7738,3cb_22918_21516
-+_19762_13507,-+,19762,13507,3cb/sb,0.003,26539,13358,3cb_19762_13507
-+_8997_7015,-+,8997,7015,3cb/sb,0.003,43796,22044,3cb_8997_7015
-+_19359_20180,-+,19359,20180,3cb/sb,0.003,20269,10202,3cb_19359_20180
-+_19615_10189,-+,19615,10189,3cb/sb,0.003,30004,15102,3cb_19615_10189
-+_7873_16046,-+,7873,16046,3cb/sb,0.003,35889,18064,3cb_7873_16046
-+_9190_16184,-+,9190,16184,3cb/sb,0.003,34434,17332,3cb_9190_16184
-+_829_13289,-+,829,13289,3cb/sb,0.003,45690,22997,3cb_829_13289
-+_23334_12800,-+,23334,12800,3cb/sb,0.003,23674,11916,3cb_23334_12800
-+_9125_10339,-+,9125,10339,3cb/sb,0.003,40344,20306,3cb_9125_10339
-+_28876_20118,-+,28876,20118,3cb/sb,0.003,10814,5443,3cb_28876_20118
-+_7855_16702,-+,7855,16702,3cb/sb,0.003,35251,17743,3cb_7855_16702
-+_7308_18235,-+,7308,18235,3cb/sb,0.003,34265,17247,3cb_7308_18235
-+_8989_387,-+,8989,387,3cb/sb,0.003,50432,25384,3cb_8989_387
-+_18559_11406,-+,18559,11406,3cb/sb,0.003,29843,15021,3cb_18559_11406
-+_7904_22146,-+,7904,22146,3cb/sb,0.003,29758,14978,3cb_7904_22146
-+_27856_22579,-+,27856,22579,3cb/sb,0.003,9373,4718,3cb_27856_22579
-+_16022_29826,-+,16022,29826,3cb/sb,0.003,13960,7026,3cb_16022_29826
-+_5540_11993,-+,5540,11993,3cb/sb,0.003,42275,21278,3cb_5540_11993
-+_14176_14275,-+,14176,14275,3cb/sb,0.003,31357,15783,3cb_14176_14275
-+_27152_6243,-+,27152,6243,3cb/sb,0.003,26413,13294,3cb_27152_6243
-+_1852_18533,-+,1852,18533,3cb/sb,0.003,39423,19843,3cb_1852_18533
-+_28090_18385,-+,28090,18385,3cb/sb,0.003,13333,6711,3cb_28090_18385
-+_19631_13276,-+,19631,13276,3cb/sb,0.003,26901,13540,3cb_19631_13276
-+_5869_19878,-+,5869,19878,3cb/sb,0.003,34061,17144,3cb_5869_19878
-+_15481_12490,-+,15481,12490,3cb/sb,0.003,31837,16025,3cb_15481_12490
-+_29870_8878,-+,29870,8878,3cb/sb,0.003,21060,10600,3cb_29870_8878
-+_21338_25306,-+,21338,25306,3cb/sb,0.003,13164,6626,3cb_21338_25306
-+_26986_2210,-+,26986,2210,3cb/sb,0.003,30612,15408,3cb_26986_2210
-+_4495_14621,-+,4495,14621,3cb/sb,0.003,40692,20482,3cb_4495_14621
-+_13384_677,-+,13384,677,3cb/sb,0.003,45747,23026,3cb_13384_677
-+_3976_17690,-+,3976,17690,3cb/sb,0.003,38142,19198,3cb_3976_17690
-+_21548_3654,-+,21548,3654,3cb/sb,0.003,34606,17418,3cb_21548_3654
-+_3737_4096,-+,3737,4096,3cb/sb,0.003,51975,26161,3cb_3737_4096
-+_22508_26718,-+,22508,26718,3cb/sb,0.003,10582,5326,3cb_22508_26718
